[
    {
        "parola": "ACAB",
        "significato": "Acronimo per 'All Cops Are Bastards', espressione utilizzata per criticare le forze di polizia",
        "esempio": "Molte persone hanno iniziato a usare il termine ACAB durante le proteste."
    },
    {
        "parola": "AF",
        "significato": "Molto o estremamente (abbreviazione di 'as fuck')",
        "esempio": "Sono stanco AF dopo quella corsa."
    },
    {
        "parola": "ASAP",
        "significato": "Acronimo per 'As Soon As Possible', usato per indicare che qualcosa deve essere fatto rapidamente",
        "esempio": "Per favore, risolvi il problema ASAP."
    },
    {
        "parola": "Bae",
        "significato": "Un termine affettuoso per il partner",
        "esempio": "Sto andando a cena con il mio bae stasera."
    },
    {
        "parola": "Basito",
        "significato": "Essere estremamente sorpresi o increduli",
        "esempio": "Sono rimasto basito dalla notizia."
    },
    {
        "parola": "Boomer",
        "significato": "Termine usato per descrivere qualcuno percepito come di mentalità antiquata, tipicamente di una generazione più vecchia",
        "esempio": "Ok, boomer."
    },
    {
        "parola": "Boss",
        "significato": "Termine usato per riferirsi a qualcuno che è in controllo o che è molto bravo in qualcosa",
        "esempio": "Sei davvero un boss in quello che fai."
    },
    {
        "parola": "Bruh",
        "significato": "Un'esclamazione di sorpresa o incredulità",
        "esempio": "Bruh, davvero hai fatto quello?"
    },
    {
        "parola": "Bussin",
        "significato": "Qualcosa di eccezionalmente buono o delizioso",
        "esempio": "Questa pizza è davvero bussin."
    },
    {
        "parola": "Cap",
        "significato": "Mentire o dire una bugia",
        "esempio": "Non credo a quello che dice, è tutto cap."
    },
    {
        "parola": "CBCR",
        "significato": "Abbreviazione di 'come but can't remember', spesso usato in modo scherzoso per dimenticare eventi",
        "esempio": "La festa era pazzesca, CBCR."
    },
    {
        "parola": "Chillare",
        "significato": "Rilassarsi o passare il tempo in modo tranquillo",
        "esempio": "Stasera voglio solo chillare a casa."
    },
    {
        "parola": "Clout",
        "significato": "Influenza o popolarità, specialmente sui social media",
        "esempio": "Sta facendo tutto per il clout."
    },
    {
        "parola": "Cissi",
        "significato": "Qualcosa di insignificante o di poco valore",
        "esempio": "Non preoccuparti di quel problema, è solo una cissi."
    },
    {
        "parola": "Cringe",
        "significato": "Qualcosa di imbarazzante o che provoca disagio",
        "esempio": "Il suo discorso era così cringe che tutti si sono sentiti a disagio."
    },
    {
        "parola": "DILF",
        "significato": "Acronimo per 'Dad I'd Like to F***', usato per descrivere un uomo attraente che è anche padre",
        "esempio": "Ha visto quel DILF in palestra?"
    },
    {
        "parola": "Dissare",
        "significato": "Criticare o attaccare verbalmente qualcuno, spesso in contesti musicali o sui social media",
        "esempio": "Ha scritto una nuova canzone per dissare i suoi rivali."
    },
    {
        "parola": "Droppare",
        "significato": "Rilasciare o pubblicare qualcosa, spesso musica o prodotti",
        "esempio": "Ha appena droppato il suo nuovo album."
    },
    {
        "parola": "Fam",
        "significato": "Amici stretti considerati come famiglia",
        "esempio": "Andiamo al parco, fam."
    },
    {
        "parola": "Flexare",
        "significato": "Mostrare con orgoglio i propri beni o successi",
        "esempio": "Sta sempre flexando il suo nuovo orologio costoso."
    },
    {
        "parola": "Flexxare",
        "significato": "Variante di 'flexare', mostrare con orgoglio i propri beni o successi",
        "esempio": "Ama flexxare la sua nuova macchina."
    },
    {
        "parola": "FOMO",
        "significato": "Paura di perdere un evento o un'esperienza",
        "esempio": "Non posso mancare, ho un terribile FOMO."
    },
    {
        "parola": "Ghostare",
        "significato": "Sparire improvvisamente da qualcuno senza spiegazioni",
        "esempio": "Mi ha ghostato dopo il nostro primo appuntamento."
    },
    {
        "parola": "Glow up",
        "significato": "Miglioramento notevole nell'aspetto o nello stile di vita",
        "esempio": "Dopo il liceo ha avuto un grande glow up."
    },
    {
        "parola": "Highkey",
        "significato": "Aperto, evidente o non nascosto",
        "esempio": "Highkey voglio andare a quella festa."
    },
    {
        "parola": "Hittare",
        "significato": "Riuscire a ottenere qualcosa o raggiungere un obiettivo",
        "esempio": "Ha hittato tutti i suoi obiettivi quest'anno."
    },
    {
        "parola": "Hoe",
        "significato": "Termine dispregiativo usato per descrivere una persona considerata promiscua",
        "esempio": "Non fare caso a quello che dice, è solo una hoe."
    },
    {
        "parola": "Hype",
        "significato": "Grande eccitazione o aspettativa riguardo qualcosa",
        "esempio": "C'è molto hype per il nuovo film."
    },
    {
        "parola": "IDK",
        "significato": "Abbreviazione di 'I Don't Know', usata per esprimere incertezza",
        "esempio": "Non so cosa fare, IDK."
    },
    {
        "parola": "JOMO",
        "significato": "Gioia nel perdere un evento, opposto di FOMO",
        "esempio": "Stasera resterò a casa, pura JOMO."
    },
    {
        "parola": "Killare",
        "significato": "Sconfiggere o eliminare qualcuno, spesso usato nei videogiochi",
        "esempio": "Ho killato tutti gli avversari nel gioco."
    },
    {
        "parola": "Letsgoski",
        "significato": "Espressione usata per incitare o manifestare entusiasmo",
        "esempio": "Pronti a partire? Letsgoski!"
    },
    {
        "parola": "Lit",
        "significato": "Qualcosa di molto eccitante o divertente",
        "esempio": "La festa di ieri sera era davvero lit!"
    },
    {
        "parola": "Lowkey",
        "significato": "Non apertamente, in segreto o in modo tranquillo",
        "esempio": "Mi piace lowkey quel tipo di musica."
    },
    {
        "parola": "MILF",
        "significato": "Acronimo per 'Mother I'd Like to F***', usato per descrivere una donna attraente che è anche madre",
        "esempio": "Quella donna è una vera MILF."
    },
    {
        "parola": "Mood",
        "significato": "Una parola usata per esprimere empatia verso una situazione",
        "esempio": "Dormire tutto il giorno è il mio mood attuale."
    },
    {
        "parola": "No cap",
        "significato": "Usato per dire che qualcosa è vero e non una bugia",
        "esempio": "Quel concerto era incredibile, no cap."
    },
    {
        "parola": "Obv",
        "significato": "Abbreviazione di 'obviously', usata per indicare che qualcosa è ovvio",
        "esempio": "Obv, era solo una battuta."
    },
    {
        "parola": "On fire",
        "significativo": "Essere in uno stato di grande successo o eccellenza",
        "esempio": "Sta segnando in tutte le partite, è davvero on fire!"
    },
    {
        "parola": "Prankare",
        "significato": "Fare uno scherzo a qualcuno",
        "esempio": "Abbiamo prankato il nostro amico durante la festa."
    },
    {
        "parola": "Rece",
        "significato": "Ricevuta di un pagamento",
        "esempio": "Ho bisogno del rece per il rimborso."
    },
    {
        "parola": "Savage",
        "significato": "Essere estremamente audaci o coraggiosi",
        "esempio": "La sua risposta è stata così savage che tutti sono rimasti scioccati."
    },
    {
        "parola": "Shippare",
        "significato": "Desiderare che due persone siano insieme in una relazione",
        "esempio": "Shippiamo quei due amici da quando si sono conosciuti."
    },
    {
        "parola": "Slay",
        "significato": "Fare qualcosa con grande successo o eccellenza",
        "esempio": "Ha slayato durante la sua performance sul palco."
    },
    {
        "parola": "Smash",
        "significato": "Nel contesto di 'smash or pass', indica che una persona è considerata attraente al punto da essere desiderata romanticamente o sessualmente",
        "esempio": "La sua amica è proprio uno smash."
    },    
    {
        "parola": "Spammare",
        "significato": "Inviare lo stesso messaggio molte volte",
        "esempio": "Smettila di spammare il gruppo con lo stesso link."
    },
    {
        "parola": "Squishy",
        "significato": "Qualcosa di morbido e comprimibile, ma può anche riferirsi a una persona amichevole e gentile",
        "esempio": "Quel peluche è così squishy!"
    },
    {
        "parola": "Sus",
        "significato": "Abbreviazione di 'sospetto', usato per indicare qualcosa di dubbio",
        "esempio": "Quel tipo è davvero sus, non mi fido."
    },
    {
        "parola": "Thirsty",
        "significato": "Essere disperati per attenzione, specialmente in ambito romantico",
        "esempio": "Sta postando solo per sembrare thirsty."
    },
    {
        "parola": "Vibing",
        "significato": "Essere in uno stato di relax o godersi il momento",
        "esempio": "Stiamo solo vibing con la musica."
    },
    {
        "parola": "Woke",
        "significato": "Essere consapevoli e informati su questioni sociali e politiche",
        "esempio": "Lei è molto woke riguardo ai diritti civili."
    },
    {
        "parola": "Yeet",
        "significato": "Lanciare qualcosa con forza",
        "esempio": "Ha yeetato la palla dall'altra parte del campo."
    }
]
