[
    {
        "codiceProd": 810000000050,
        "reparto": "informatica",
        "tipoProdotto": "tablet",
        "marca": "Apple",
        "modelloNome": "iPad Pro M4 13\" 512 GB",
        "qt": 6,
        "prezzo": 1999,
        "nominativoResponsabile": "Giacinto Pinto",
        "cellResp": "366 6616216",
        "fornitore1": "Mediaworld",
        "costo1": 1697,
        "fornitore2": "Apple",
        "costo2": 1819,
        "iva": 22
    },
    {
        "codiceProd": 810000000051,
        "reparto": "informatica",
        "tipoProdotto": "pc desktop",
        "marca": "HP",
        "modelloNome": "HP - VICTUS 15L GAMING DESKTOP",
        "qt": 3,
        "prezzo": 1200,
        "nominativoResponsabile": "Giacinto Pinto",
        "cellResp": "366 6616216",
        "fornitore1": "Euronics",
        "costo1": 999,
        "fornitore2": "Amazon",
        "costo2": 749,
        "iva": 22
    },
    {
        "codiceProd": 810000000052,
        "reparto": "informatica",
        "tipoProdotto": "pc desktop",
        "marca": "Acer",
        "modelloNome": "ACER - Desktop ASPIRE TC TC-1780-Nero",
        "qt": 7,
        "prezzo": 849,
        "nominativoResponsabile": "Giacinto Pinto",
        "cellResp": "366 6616216",
        "fornitore1": "Euronics",
        "costo1": 749,
        "fornitore2": "Mediaworld",
        "costo2": 649,
        "iva": 22
    },
    {
        "codiceProd": 810000000053,
        "reparto": "informatica",
        "tipoProdotto": "laptop",
        "marca": "Lenovo",
        "modelloNome": "Lenovo IdeaPad Slim 3 Notebook 15\" AMD Ryzen5 16GB 512GB",
        "qt": 2,
        "prezzo": 799,
        "nominativoResponsabile": "Giacinto Pinto",
        "cellResp": "366 6616216",
        "fornitore1": "Unieuro",
        "costo1": 628,
        "fornitore2": "Amazon",
        "costo2": 579,
        "iva": 22
    },
    {
        "codiceProd": 810000000054,
        "reparto": "informatica",
        "tipoProdotto": "laptop",
        "marca": "Asus",
        "modelloNome": "ASUS - Notebook F1605ZA-MB198W-TRANSPARENT SILVER",
        "qt": 5,
        "prezzo": 889,
        "nominativoResponsabile": "Giacinto Pinto",
        "cellResp": "366 6616216",
        "fornitore1": "Euronics",
        "costo1": 733,
        "fornitore2": "Unieuro",
        "costo2": 849,
        "iva": 22
    },
    {
        "codiceProd": 810000000060,
        "reparto": "telefonia",
        "tipoProdotto": "smartphone",
        "marca": "Apple",
        "modelloNome": "iPhone 15 Pro",
        "qt": 16,
        "prezzo": 1549,
        "nominativoResponsabile": "Mario Rossi",
        "cellResp": "375 9482941",
        "fornitore1": "Euronics",
        "costo1": 1482,
        "fornitore2": "Apple",
        "costo2": 1398,
        "iva": 22
    },
    {
        "codiceProd": 810000000061,
        "reparto": "telefonia",
        "tipoProdotto": "smartphone",
        "marca": "Samsung",
        "modelloNome": "s24 Ultra",
        "qt": 18,
        "prezzo": 1289,
        "nominativoResponsabile": "Mario Rossi",
        "cellResp": "375 9482941",
        "fornitore1": "Mediaworld",
        "costo1": 1134,
        "fornitore2": "Samsung",
        "costo2": 1256,
        "iva": 22
    },
    {
        "codiceProd": 810000000062,
        "reparto": "telefonia",
        "tipoProdotto": "smartphone",
        "marca": "Huawei",
        "modelloNome": "P60",
        "qt": 11,
        "prezzo": 780,
        "nominativoResponsabile": "Mario Rossi",
        "cellResp": "375 9482941",
        "fornitore1": "Amazon",
        "costo1": 720,
        "fornitore2": "Huawei",
        "costo2": 780,
        "iva": 22
    },
    {
        "codiceProd": 810000000063,
        "reparto": "telefonia",
        "tipoProdotto": "smartphone",
        "marca": "Xiaomi",
        "modelloNome": "Redmi 13T",
        "qt": 23,
        "prezzo": 400,
        "nominativoResponsabile": "Mario Rossi",
        "cellResp": "375 9482941",
        "fornitore1": "Uniero",
        "costo1": 364,
        "fornitore2": "Xiaomi",
        "costo2": 349,
        "iva": 22
    },
    {
        "codiceProd": 810000000064,
        "reparto": "telefonia",
        "tipoProdotto": "smartphone",
        "marca": "Honor",
        "modelloNome": "200 pro",
        "qt": 7,
        "prezzo": 746,
        "nominativoResponsabile": "Mario Rossi",
        "cellResp": "375 9482941",
        "fornitore1": "Ebay",
        "costo1": 730,
        "fornitore2": "Honor",
        "costo2": 680,
        "iva": 22
    },
    {
        "codiceProd": 810000000070,
        "reparto": "grandi elettrodomestici",
        "tipoProdotto": "frigorifero",
        "marca": "Samsung",
        "modelloNome": "Frigorifero Side by Side Family Hub™ 614L RS6HA8891SL",
        "qt": 9,
        "prezzo": 2299,
        "nominativoResponsabile": "Silvano Soloperto",
        "cellResp": "339 1157273",
        "fornitore1": "Unieuro",
        "costo1": 2399,
        "fornitore2": "",
        "costo2": "",
        "iva": 22
    },
    {
        "codiceProd": 810000000071,
        "reparto": "grandi elettrodomestici",
        "tipoProdotto": "lavatrice",
        "marca": "Samsung",
        "modelloNome": "Lavatrice Samsung BESPOKE AI™ Ecodosatore 11Kg WW11DB7B94GBU3",
        "qt": 12,
        "prezzo": 799,
        "nominativoResponsabile": "Silvano Soloperto",
        "cellResp": "339 1157273",
        "fornitore1": "Mediaworld",
        "costo1": 799,
        "fornitore2": "Unieuro",
        "costo2": 1149,
        "iva": 22
    },
    {
        "codiceProd": 810000000072,
        "reparto": "grandi elettrodomestici",
        "tipoProdotto": "lavastoviglie",
        "marca": "Samsung",
        "modelloNome": "Lavastoviglie da Incasso Samsung Serie 5 DW60CG530B00",
        "qt": 15,
        "prezzo": 999,
        "nominativoResponsabile": "Silvano Soloperto",
        "cellResp": "339 1157273",
        "fornitore1": "Ebay",
        "costo1": 776,
        "fornitore2": "",
        "costo2": "",
        "iva": 22
    },
    {
        "codiceProd": 810000000073,
        "reparto": "grandi elettrodomestici",
        "tipoProdotto": "forno",
        "marca": "Samsung",
        "modelloNome": "Forno a microonde ad Incasso Samsung 23L MS23A7318AK",
        "qt": 18,
        "prezzo": 499,
        "nominativoResponsabile": "Silvano Soloperto",
        "cellResp": "339 1157273",
        "fornitore1": "Ebay",
        "costo1": 221,
        "fornitore2": "Amazon",
        "costo2": 225,
        "iva": 22
    },
    {
        "codiceProd": 810000000074,
        "reparto": "grandi elettrodomestici",
        "tipoProdotto": "purificatore",
        "marca": "Samsung",
        "modelloNome": "Purificatore d’aria Samsung Cube™ 47 mq AX47R9080SS",
        "qt": 21,
        "prezzo": 399,
        "nominativoResponsabile": "Silvano Soloperto",
        "cellResp": "339 1157273",
        "fornitore1": "Amazon",
        "costo1": 349,
        "fornitore2": "",
        "costo2": "",
        "iva": 22
    },
    {
        "codiceProd": 810000000080,
        "reparto": "piccoli elettrodomestici",
        "tipoProdotto": "macchina per popcorn",
        "marca": "Ariete",
        "modelloNome": "Pop Corn XL Party Time Ariete Rosso",
        "qt": 10,
        "prezzo": 60,
        "nominativoResponsabile": "Alessio Maiorano",
        "cellResp": "333 258 7401",
        "fornitore1": "Mediaworld",
        "costo1": 39,
        "fornitore2": "Ariete",
        "costo2": 36,
        "iva": 22
    },
    {
        "codiceProd": 810000000081,
        "reparto": "piccoli elettrodomestici",
        "tipoProdotto": "frullatore ad immersione",
        "marca": "Ariete",
        "modelloNome": "FRULLATORE AD IMMERSIONE, Tritatutto capacità 500 ml; Frusta a filo in acciaio inox; Bicchiere graduato da 600 ml in plastica senza BPA.",
        "qt": 10,
        "prezzo": 80,
        "nominativoResponsabile": "Alessio Maiorano",
        "cellResp": "333 258 7401",
        "fornitore1": "Mediaworld",
        "costo1": 47,
        "fornitore2": "Unieuro",
        "costo2": 47,
        "iva": 22
    },
    {
        "codiceProd": 810000000082,
        "reparto": "piccoli elettrodomestici",
        "tipoProdotto": "yogurtiera",
        "marca": "Ariete",
        "modelloNome": "Yogurtiera elettrica con capacità totale 1,5 litri",
        "qt": 14,
        "prezzo": 21,
        "nominativoResponsabile": "Alessio Maiorano",
        "cellResp": "333 258 7401",
        "fornitore1": "Euronics",
        "costo1": 20,
        "fornitore2": "Mediaworld",
        "costo2": 19,
        "iva": 22
    },
    {
        "codiceProd": 810000000083,
        "reparto": "piccoli elettrodomestici",
        "tipoProdotto": "vaporiera",
        "marca": "Russell Hobbs",
        "modelloNome": "Vaporiera 9,0l con 3 contenitori per multicottura",
        "qt": 20,
        "prezzo": 45,
        "nominativoResponsabile": "Alessio Maiorano",
        "cellResp": "333 258 7401",
        "fornitore1": "Unieuro",
        "costo1": 39,
        "fornitore2": "Amazon",
        "costo2": 38,
        "iva": 22
    },
    {
        "codiceProd": 810000000084,
        "reparto": "piccoli elettrodomestici",
        "tipoProdotto": "aspirabriciole",
        "marca": "Black+Decker",
        "modelloNome": "Aspirabriciole senza fili potente a batteria litio con doppio sistema di filtraggio",
        "qt": 9,
        "prezzo": 21,
        "nominativoResponsabile": "Alessio Maiorano",
        "cellResp": "333 258 7401",
        "fornitore1": "Amazon",
        "costo1": 20,
        "fornitore2": "Euronics",
        "costo2": 21,
        "iva": 22
    },
    {
        "codiceProd": 810000000090,
        "reparto": "televisori",
        "tipoProdotto": "televisore",
        "marca": "Salora",
        "modelloNome": "Salora Smart TV 32 Pollici, Televisore con 32 Pollici Display HD Smart TV Android, Sintonizzatore DVB-T2/S2 HEVC 10 | WiFi, Netflix Televisore 32 pollici | Nero [Classe di efficienza energetica E]",
        "qt": 7,
        "prezzo": 199,
        "nominativoResponsabile": "Francesco Verdi",
        "cellResp": "333-6549866",
        "fornitore1": "Amazon",
        "costo1": 190,
        "fornitore2": "Unieuro",
        "costo2": 185,
        "iva": 22
    },
    {
        "codiceProd": 810000000091,
        "reparto": "televisori",
        "tipoProdotto": "televisore",
        "marca": "Sony",
        "modelloNome": "Sony BRAVIA KD-32W800 - Smart TV 32 pollici, HD Ready LED, HDR, Android TV, KD32W800PAEP [Classe di efficienza energetica F]",
        "qt": 4,
        "prezzo": 289,
        "nominativoResponsabile": "Francesco Verdi",
        "cellResp": "333-6549867",
        "fornitore1": "Amazon",
        "costo1": 279,
        "fornitore2": "Euronics",
        "costo2": 285,
        "iva": 22
    },
    {
        "codiceProd": 810000000092,
        "reparto": "televisori",
        "tipoProdotto": "telecomando",
        "marca": "Superpow",
        "modelloNome": "Telecomando Universale Compatibile con Tutti i Modelli Samsung Smart TV LCD LED HDTV 3D",
        "qt": 20,
        "prezzo": 11,
        "nominativoResponsabile": "Francesco Verdi",
        "cellResp": "333-6549868",
        "fornitore1": "Amazon",
        "costo1": 7,
        "fornitore2": "Ebay",
        "costo2": 8.5,
        "iva": 22
    },
    {
        "codiceProd": 810000000093,
        "reparto": "televisori",
        "tipoProdotto": "televisore",
        "marca": "Samsung",
        "modelloNome": "SAMSUNG Display LFD 32\" LED QM32R-T 32 1920x1080 Full HD con MagicInfo",
        "qt": 12,
        "prezzo": 1105,
        "nominativoResponsabile": "Francesco Verdi",
        "cellResp": "333-6549869",
        "fornitore1": "Amazon",
        "costo1": 1090,
        "fornitore2": "Mediaworld",
        "costo2": 985,
        "iva": 22
    },
    {
        "codiceProd": 810000000094,
        "reparto": "televisori",
        "tipoProdotto": "televisore",
        "marca": "Samsung",
        "modelloNome": "Samsung TV UE43CU7090UXZT Crystal UHD 4K, Smart TV 43\", Crystal Processor 4K, Slim Look, Q-Symphony e OTS Lite, DVBT-2, Integrato con Bixby, compatibile con Alexa e Google Assistant, Black [2024] [Classe di efficienza energetica G]",
        "qt": 8,
        "prezzo": 350,
        "nominativoResponsabile": "Francesco Verdi",
        "cellResp": "333-6549870",
        "fornitore1": "Amazon",
        "costo1": 324,
        "fornitore2": "Euronics",
        "costo2": 318,
        "iva": 22
    },
    {
        "codiceProd": 810000000095,
        "reparto": "televisori",
        "tipoProdotto": "televisore",
        "marca": "Samsung",
        "modelloNome": "Smart TV 4K",
        "qt": 1,
        "prezzo": 600,
        "nominativoResponsabile": "Francesco Verdi",
        "cellResp": "333-6549871",
        "fornitore1": "ePrice",
        "costo1": 549,
        "fornitore2": "Idealo",
        "costo2": 550,
        "iva": 22
    },
    {
        "codiceProd": 810000000096,
        "reparto": "televisori",
        "tipoProdotto": "televisore",
        "marca": "Hisense",
        "modelloNome": "Smart TV 4K",
        "qt": 1,
        "prezzo": 378,
        "nominativoResponsabile": "Francesco Verdi",
        "cellResp": "333-6549871",
        "fornitore1": "Amazon",
        "costo1": 342,
        "fornitore2": "ePrice",
        "costo2": 340,
        "iva": 22
    },
    {
        "codiceProd": 810000000097,
        "reparto": "televisori",
        "tipoProdotto": "televisore",
        "marca": "Samsung",
        "modelloNome": "Smart TV 4K",
        "qt": 1,
        "prezzo": 450,
        "nominativoResponsabile": "Francesco Verdi",
        "cellResp": "333-6549871",
        "fornitore1": "Amazon",
        "costo1": 412,
        "fornitore2": "ePrice",
        "costo2": 415,
        "iva": 22
    },
    {
        "codiceProd": 810000000098,
        "reparto": "televisori",
        "tipoProdotto": "televisore",
        "marca": "Hisense",
        "modelloNome": "Smart TV 4K",
        "qt": 1,
        "prezzo": 330,
        "nominativoResponsabile": "Francesco Verdi",
        "cellResp": "333-6549871",
        "fornitore1": "ePrice",
        "costo1": 304,
        "fornitore2": "Idealo",
        "costo2": 305,
        "iva": 22
    },
    {
        "codiceProd": 810000000099,
        "reparto": "televisori",
        "tipoProdotto": "televisore",
        "marca": "LG",
        "modelloNome": "Smart TV 4K",
        "qt": 7,
        "prezzo": 429,
        "nominativoResponsabile": "Francesco Verdi",
        "cellResp": "333-6549871",
        "fornitore1": "ePrice",
        "costo1": 394,
        "fornitore2": "Idealo",
        "costo2": 395,
        "iva": 22
    }
]
          